<SearchPlugin xmlns="http://www.mozilla.org/2006/browser/search/">
<ShortName>Yahoo</ShortName>
<Description>Yahoo Search</Description>
<InputEncoding>UTF-8</InputEncoding>
<Image width="16" height="16">data:image/x-icon;base64,R0lGODlhEAAQAJECAP8AAAAAAP///wAAACH5BAEAAAIALAAAAAAQABAAAAIplI+py+0NogQuyBDEnEd2kHkfFWUamEzmpZSfmaIHPHrRguUm/fT+UwAAOw==</Image>
<Url type="text/html" method="GET" template="http://it.search.yahoo.com/search">
  <Param name="p" value="{searchTerms}"/>
  <Param name="ei" value="UTF-8"/>
  <MozParam name="fr" condition="pref" pref="yahoo-fr" />
</Url>
<SearchForm>http://it.search.yahoo.com/</SearchForm>
</SearchPlugin>
