{"title":"","id":1,"dateAdded":1381327324234000,"lastModified":1381327324234000,"type":"text/x-moz-place-container","root":"placesRoot","children":[{"title":"Menu Segnalibri","id":2,"parent":1,"dateAdded":1381327324234000,"lastModified":1381327324444000,"type":"text/x-moz-place-container","root":"bookmarksMenuFolder","children":[{"title":"Più recenti","id":7,"parent":2,"annos":[{"name":"Places/SmartBookmark","flags":0,"expires":4,"mimeType":null,"type":3,"value":"RecentlyBookmarked"}],"type":"text/x-moz-place","uri":"place:folder=BOOKMARKS_MENU&folder=UNFILED_BOOKMARKS&folder=TOOLBAR&sort=12&excludeQueries=1&excludeItemIfParentHasAnnotation=livemark%2FfeedURI&maxResults=10&queryType=1"},{"index":1,"title":"Etichette recenti","id":8,"parent":2,"annos":[{"name":"Places/SmartBookmark","flags":0,"expires":4,"mimeType":null,"type":3,"value":"RecentTags"}],"type":"text/x-moz-place","uri":"place:sort=14&type=6&maxResults=10&queryType=1"},{"index":2,"title":"","id":9,"parent":2,"dateAdded":1381327324364000,"type":"text/x-moz-place-separator"},{"index":3,"title":"Scarica estensioni per i segnalibri","id":10,"parent":2,"dateAdded":1381327324434000,"lastModified":1381327324439000,"type":"text/x-moz-place","uri":"https://addons.mozilla.org/it/firefox/bookmarks/"},{"index":4,"title":"","id":15,"parent":2,"dateAdded":1381327324444000,"type":"text/x-moz-place-separator"},{"index":5,"title":"Mozilla Firefox","id":16,"parent":2,"dateAdded":1381327324444000,"lastModified":1381327324444000,"type":"text/x-moz-place-container","children":[{"title":"Aiuto e guide","id":17,"parent":16,"dateAdded":1381327324444000,"lastModified":1381327324444000,"type":"text/x-moz-place","uri":"http://www.mozilla.com/it/firefox/help/"},{"index":1,"title":"Personalizza Firefox","id":18,"parent":16,"dateAdded":1381327324444000,"lastModified":1381327324444000,"type":"text/x-moz-place","uri":"http://www.mozilla.com/it/firefox/customize/"},{"index":2,"title":"Collabora con noi","id":19,"parent":16,"dateAdded":1381327324444000,"lastModified":1381327324444000,"type":"text/x-moz-place","uri":"http://www.mozilla.com/it/firefox/community/"},{"index":3,"title":"Informazioni","id":20,"parent":16,"dateAdded":1381327324444000,"lastModified":1381327324444000,"type":"text/x-moz-place","uri":"http://www.mozilla.com/it/firefox/about/"}]}]},{"index":1,"title":"Barra dei segnalibri","id":3,"parent":1,"dateAdded":1381327324234000,"lastModified":1381327610108000,"annos":[{"name":"bookmarkProperties/description","flags":0,"expires":4,"mimeType":null,"type":3,"value":"Aggiungere un segnalibro a questa cartella per vederlo nella barra dei segnalibri"}],"type":"text/x-moz-place-container","root":"toolbarFolder","children":[{"title":"server-bo - InfoView","id":21,"parent":3,"dateAdded":1381327552201000,"lastModified":1381327571467000,"type":"text/x-moz-place","uri":"http://192.168.0.53:8080/InfoViewApp/logon.jsp"},{"index":1,"title":"server-bo - Central Management Console di SAP BusinessObjects","id":22,"parent":3,"dateAdded":1381327610108000,"lastModified":1381327624305000,"type":"text/x-moz-place","uri":"http://192.168.0.53:8080/CmcApp/logon.faces"}]},{"index":2,"title":"Etichette","id":4,"parent":1,"dateAdded":1381327324234000,"lastModified":1381327324234000,"type":"text/x-moz-place-container","root":"tagsFolder","children":[]},{"index":3,"title":"Segnalibri non catalogati","id":5,"parent":1,"dateAdded":1381327324234000,"lastModified":1381327324364000,"type":"text/x-moz-place-container","root":"unfiledBookmarksFolder","children":[]}]}